DELETE FROM ALLOWS_SPORT
DELETE FROM OccupationRecord
DELETE FROM Reservation
DELETE FROM ReservationRequest
DELETE FROM Activity
DELETE FROM Sport
DELETE FROM Client
DELETE FROM Space
INSERT INTO Sport (ID, MINMINUTES, MINPARTICIPANTS, NAME, SPORTTYPE) VALUES (1, 105, 22, 'Futebol11', 'COLECTIVAS')
INSERT INTO Sport (ID, MINMINUTES, MINPARTICIPANTS, NAME, SPORTTYPE) VALUES (2, 80, 10, 'Futsal', 'COLECTIVAS')
INSERT INTO Sport (ID, MINMINUTES, MINPARTICIPANTS, NAME, SPORTTYPE) VALUES (3, 80, 30, 'Rugby', 'COLECTIVAS')
INSERT INTO Sport (ID, MINMINUTES, MINPARTICIPANTS, NAME, SPORTTYPE) VALUES (4, 60, 14, 'Andebol', 'COLECTIVAS')
INSERT INTO Client (ID, CLIENTTYPE, ADDRESS, NAME, NIF, STATUS, TOTALHOURS, BIRTHDATE) VALUES (1, 'Individual', 'Rua dos Bolos', 'Xico Rebola', 168027852, NULL, NULL, '1980-12-31')
INSERT INTO Client (ID, CLIENTTYPE, ADDRESS, NAME, NIF, STATUS, TOTALHOURS, BIRTHDATE) VALUES (3, 'Individual', 'Rua dos Chocolates', 'Maria das Curvas', 197672337, NULL, NULL, '1970-01-01')
INSERT INTO Client (ID, CLIENTTYPE, ADDRESS, NAME, NIF, STATUS, TOTALHOURS, BIRTHDATE) VALUES (2, 'Club', 'Beco das Cobras', 'As Águias', 503183504, 'BRONZE', 0, NULL)
INSERT INTO Client (ID, CLIENTTYPE, ADDRESS, NAME, NIF, STATUS, TOTALHOURS, BIRTHDATE) VALUES (4, 'Club', 'Travessa das Gazelas', 'Os Leões', 502618418, 'BRONZE', 0, NULL)
INSERT INTO Space (ID, ENDTIMEWEEKDAYS, ENDTIMEWEEKENDS, MAXCAPACITY, NAME, PRICE, STARTTIMEWEEKDAYS,  STARTTIMEWEEKENDS) VALUES (1, '23:30:00', '19:00:00', 250, 'Estádio de Honra - Campo de Jogo', 40, '07:00:00', '08:00:00')
INSERT INTO Space (ID, ENDTIMEWEEKDAYS, ENDTIMEWEEKENDS, MAXCAPACITY, NAME, PRICE, STARTTIMEWEEKDAYS,  STARTTIMEWEEKENDS) VALUES (2, '23:00:00', '20:00:00', 150, 'Pavilhão nº1 - Campo Central', 30, '08:00:00', '09:00:00')
INSERT INTO ALLOWS_SPORT (SPACE_ID, allowedSports_ID) VALUES (1, 1)
INSERT INTO ALLOWS_SPORT (SPACE_ID, allowedSports_ID) VALUES (1, 2)
INSERT INTO ALLOWS_SPORT (SPACE_ID, allowedSports_ID) VALUES (1, 3)
INSERT INTO ALLOWS_SPORT (SPACE_ID, allowedSports_ID) VALUES (2, 2)
INSERT INTO ALLOWS_SPORT (SPACE_ID, allowedSports_ID) VALUES (2, 4)
